{"train_loss": [0.007150919684535501, 3.513696082888683e-08, 5.115493076178958e-08, 9.993810085852088e-10, 6.67170373852782e-10, 2.0696033418546392e-10], "val_loss": [0.0, 0.0, 0.0, 0.0, 0.0, 0.0], "train_acc": [99.8651921582964, 100.0, 100.0, 100.0, 100.0, 100.0], "val_acc": [100.0, 100.0, 100.0, 100.0, 100.0, 100.0]}