{
  "train_losses": [
    0.032077365351858025,
    0.025348052562554447,
    0.022206345894507557,
    0.0213142333247417,
    0.021466991749686755,
    0.020292596733121407,
    0.019196028235136622,
    0.01863680731627528,
    0.01850265177882536,
    0.01606993957032325,
    0.01645480109228411,
    0.014832256581056972,
    0.01255539493668996,
    0.015159512403208909,
    0.012929360802328434,
    0.012127904142347986,
    0.010456573020890477,
    0.010264768181110008,
    0.009051874365670502,
    0.008638460558646139,
    0.008609796186030179,
    0.008910775746454413,
    0.009272061355159433,
    0.007918325274743954,
    0.008668990751537113,
    0.00795533502684111,
    0.008437865359517365,
    0.009096597718147763,
    0.007605289730358439,
    0.008520885857522668,
    0.00882644285882751,
    0.008025317692486515,
    0.008915984341256901,
    0.009295572791878632,
    0.008908794299554358,
    0.007493380985201652,
    0.008450026997744258,
    0.009134400699143666,
    0.008569301154712291,
    0.00802542297018941,
    0.00850925315648034,
    0.008050923540794062,
    0.008256161979117774,
    0.008912276884075254,
    0.009191854784063647,
    0.008491956715915237,
    0.007857200823134024,
    0.008957404956546318,
    0.008753693826101402,
    0.009170178471843518
  ],
  "val_losses": [
    0.03965493830917186,
    0.08774619116339573,
    0.0226236205645512,
    0.03378376579128726,
    0.02019413226002524,
    0.01812724236583034,
    0.017957307853151198,
    0.02703990562017574,
    0.017425748823497574,
    0.01865372964354275,
    0.01712443253166194,
    0.01661922595785866,
    0.018803214881742417,
    0.019530024379491806,
    0.018170380718507913,
    0.017344668265946512,
    0.017482925218605803,
    0.016979654716208662,
    0.017088214024836415,
    0.01724548903727081,
    0.017299231625064602,
    0.01724621578969798,
    0.01738080117976033,
    0.017313343547230457,
    0.017344544939480202,
    0.01728017108181903,
    0.01736102666608383,
    0.017370130629874334,
    0.017336010201942434,
    0.017344268116027895,
    0.01729013079501212,
    0.017308254466327125,
    0.017293310484599842,
    0.017355548948872576,
    0.017309350390691137,
    0.017272814120122687,
    0.01736467166162139,
    0.01731668112983624,
    0.01734337814796586,
    0.017330028805042464,
    0.01735728198857328,
    0.017310976869762375,
    0.017267265112740314,
    0.01730138652681828,
    0.017299281453529675,
    0.017326356603514923,
    0.01735422124092597,
    0.017301595350862807,
    0.017404992932042236,
    0.017337418635115894
  ],
  "val_accuracies": [
    99.7441052823981,
    99.7441052823981,
    99.7441052823981,
    99.7441052823981,
    99.7441052823981,
    99.7441052823981,
    99.7441052823981,
    99.7441052823981,
    99.7441052823981,
    99.76238347651253,
    99.79893986474136,
    99.79893986474136,
    99.72582708828368,
    99.79893986474136,
    99.79893986474136,
    99.79893986474136,
    99.79893986474136,
    99.79893986474136,
    99.79893986474136,
    99.79893986474136,
    99.79893986474136,
    99.79893986474136,
    99.79893986474136,
    99.79893986474136,
    99.79893986474136,
    99.79893986474136,
    99.79893986474136,
    99.79893986474136,
    99.79893986474136,
    99.79893986474136,
    99.79893986474136,
    99.79893986474136,
    99.79893986474136,
    99.79893986474136,
    99.79893986474136,
    99.79893986474136,
    99.79893986474136,
    99.79893986474136,
    99.79893986474136,
    99.79893986474136,
    99.79893986474136,
    99.79893986474136,
    99.79893986474136,
    99.79893986474136,
    99.79893986474136,
    99.79893986474136,
    99.79893986474136,
    99.79893986474136,
    99.79893986474136,
    99.79893986474136
  ],
  "num_sequences": 27354,
  "num_classes": 3,
  "classes": [
    "fungi",
    "plant",
    "unknown"
  ]
}